{"epsilon": [0.2693402467191465, 0.3425272043665417, 0.7285483314813482, 1.0, 1e-10, 1.0, 1.0, 1e-10, 0.9918269391005654, 1.0, 0.9766601001071522, 0.8890979550777538, 1e-10, 0.5580275034503857, 1.0, 0.7731687440230665, 0.2698064608380417, 0.20004643833889532, 0.7471558231911388, 1.0, 1e-10, 0.18219986760303536, 0.7193866098025029, 1.0, 0.9732820206220802, 0.8735081728210357, 0.7727787629230647, 0.6559185682504034], "sigma": [0.5884053971371136, 1.6222949990764326, 2.263652347787196, 1.6834082353040147, 7.69067346290838, 1.8629300874969696, 2.349310445771599, 9.283520016065234, 1.9422180802210802, 1.762079658651438, 2.142183026351949, 10.0, 0.499653583298417, 1.4379868020927313, 4.541817603665699, 10.0, 8.112247896115674, 10.0, 8.489837094873687, 1.7131040966225, 8.673368315958871, 1.1424344475369737, 1.1698531487758042, 1.785794063269454, 10.0, 1.869852634514057, 1.8814803234220578, 7.35315892765944], "alpha": 6.984438414338532}