{"epsilon": [0.4815132175868848, 0.30077017917393856, 1.0, 1.0, 0.49359405139484525, 1.0, 0.3447616840089951, 0.7285023796301768, 0.9064926017479047, 0.5931255246108655, 1e-10, 0.2584981497519403, 0.09497637069589664, 0.5646879256473437, 0.19010698656770061, 0.11607636911082722, 1e-10, 0.15570512927373945, 0.9557837115394051, 0.8304087530643852, 0.6754082092985192, 0.4049543350698582, 0.14342689841405057, 1.0, 0.4425384075567305, 1e-10, 0.7533537705033558, 1.0], "sigma": [0.8078568455710695, 1.6556136704687399, 2.343611620804488, 1.828763094268997, 3.506873512910678, 2.002173148051652, 2.1270801120765865, 4.970607049435869, 2.037121850139147, 1.6881573730679378, 8.814248804518886, 2.2857678146078095, 1.3092349577767326, 1.5494349874906397, 1.8598115258642094, 3.086782034374998, 10.0, 10.0, 8.913487064486606, 9.99938155014566, 4.659145691463281, 1.5546222192665613, 9.545534722520921, 1.868814425147195, 1.1781124146399937, 10.0, 1.9890203667941422, 9.84426956569309], "alpha": 6.9985783048899055}