{"epsilon": [0.18273541479043737, 0.19872043788666732, 0.9806000828450198, 0.6738782727467876, 0.762520683669334, 0.1856959757110493, 0.9902067299316991, 1e-10, 0.7308288287331293, 0.2035048071877025, 0.3053259519695497, 0.32824342407243384, 0.3234267665107531, 0.613080032924881, 0.7499045272818226, 0.892270871495899, 0.5303011935090508, 0.6388272753004404, 0.005236523234232666, 0.372665736798335, 0.45302557057435155, 0.9599210810511298, 0.28761406243796844, 0.4723140296274858, 0.15175593934986958, 0.3023971268162094, 0.07202064884625067, 1e-10], "sigma": [0.5164709019037326, 1.8346891903814113, 2.6643199667058335, 2.0034564091792872, 9.935376652518848, 1.9908840698770989, 10.0, 5.902498493663454, 4.765815149002923, 1.6058883932750017, 6.211209458695702, 2.512019577094228, 2.668806528790197, 2.495921816841926, 6.309575836461133, 3.7356203522616243, 5.543411469263744, 10.0, 7.8246865579283424, 1.9405915033192878, 5.9680549083492584, 8.71649026054258, 1.2481959815242551, 2.612708735633946, 0.953242770846403, 1.8703783367974869, 1.5419982084955364, 5.590559915127571], "alpha": 4.700129781450409}