{"S":[1229920.6710843525,1244724.152597277,1327863.8594859648,1394679.530457245,1402036.5031271204,1497693.566250959,1297900.2137693705,899822.1029459181,640607.6464382691],"E":[81.8948595514789,112.90458738728955,131.4230441005573,131.36673109288452,147.06114522715137,167.57963238740507,112.814948857043,56.62146264514584,60.00581346742912],"I":[12.554344521992158,17.293485078886263,20.14631839947888,20.188081052731118,22.582146036712242,25.677274811584724,17.278508944049648,8.671865244573537,9.12815883023526],"A":[3.43626824038521,6.291684073025488,44.128504229943324,116.48289788669453,169.2794654152227,273.4931906751919,270.26101330722395,147.6850641893009,140.58582886399935],"M":[258.9248216638425,340.4903986880465,386.87642780561805,335.9443294459702,305.4726328067082,221.21812175235877,50.76708465113606,13.915768303578368,1.5998355407983662],"ER":[1.7468820872687965,1.0123852523948174,3.9603544506490485,6.189066719184038,10.164933881897353,12.916249917440485,3.795135327081057,1.4081409887819,0.2465812796347969],"C":[7.608465751177466,4.292691467000732,14.765455501890768,26.8253522579023,37.06521819203497,43.968015399375425,10.871523947285914,4.015692664090717,0.7965808626160855],"C_icurec":[0.0,0.0,3.661889714244889,3.916083791496229,9.959880476777803,14.705992777847854,6.09975509747641,1.6568272553853896,0.06262805496742466],"ICU":[0.0,0.0,4.746726933732855,4.964062432857649,15.065030192566285,20.528937666654954,9.701482633062788,4.014345155361148,0.21555797873841254],"R":[38783.163273831036,55049.56217077665,79173.43179289997,96966.5929380737,101259.46852783897,91984.55519431081,48713.36438115066,24121.71481237332,15941.469007705615],"D":[0.0,0.0,0.0,0.0,528.3778928110358,171.7911393417306,45.83239671501634,111.1930752620925,27.24356914675682],"H_in":[0.5442961023957097,0.31779811398915303,1.2179513512794433,1.8725797310758256,3.0999821010031643,3.9791338753816863,1.1643233364611978,0.4303513990528678,0.07813740491845184],"H_out":[0.9900247338715631,0.5572962936502616,2.51000579243205,4.146737566040171,6.674822469495865,8.176491056140884,2.4690085427217743,0.9103923054810108,0.13170677280843704],"H_tot":[9.355347838446242,5.305076719395545,27.134426600517443,41.89456520144029,72.2550627432765,92.11919576131845,30.46789700490616,11.095006063619172,1.321348175956723]}