{"S":[1200744.7743105195,1197701.1157831205,1340135.2060415102,1408216.546476323,1419068.8253115169,1536055.2155503759,1325988.058075571,913859.6478886512,651140.2807276461],"E":[95.48425328580308,110.87648326245022,73.27933427877183,104.4286077249804,118.33277944615037,66.88337547345519,21.826562465174497,8.816745762987344,4.379089729445521],"I":[14.595405272439631,16.98641977498288,11.323210084916413,16.045645333749967,18.168577492302262,10.323498053426663,3.373042430116632,1.3645715709307202,0.6773856175558854],"A":[149.65198361165906,185.2763022489192,123.4084774549665,123.2208102886736,112.87929811834077,46.45005078163965,5.874468150957173,1.3383924684131077,0.0946619966988348],"M":[4.561322076608305,8.064803776378476,35.552955190903795,105.16513552126317,148.97998240556558,143.14556428476155,85.51969778137878,41.22400631948447,26.35353584069133],"C":[0.03234428224310587,0.05245057879364049,0.5091323001473733,2.0363260777225527,3.4878706036780125,10.856793342285265,17.46346835539903,26.880202263558512,66.27743554763114],"C_icurec":[0.0027210283818992612,0.02612957802004767,0.20740201853741533,0.6161220546528718,1.1047343768800435,4.067650955920915,5.817385670327715,3.112416433679124,1.0724732232530767],"ICU":[0.0005976017621898693,0.007278627420700885,0.19223900291562393,0.35341199856064165,1.206817318435176,6.372851600101026,14.07372341659864,14.867115748698879,6.674453364494508],"R":[68060.89706232164,102233.44772376078,67263.05035842954,83704.82239422045,85014.9724411914,54073.79861812805,20416.496546264716,9203.120043297979,2661.987284142431],"D":[0.0,0.1466252722451599,4.270849729586834,18.765070457442516,53.042187529972516,212.8860470047381,582.4970298950306,1132.6286174828354,2881.20295289162],"H_in":[0.009689247694766758,0.017277162558851963,0.15411616136761225,0.45065445350413325,0.6342732157332153,1.5392034423846923,1.8676847516649238,1.8084832272693072,3.0920820946899297],"H_out":[0.011904799814048966,0.023091304523103505,0.21914603859264403,0.648722278089236,0.9298271994836679,2.648823161525355,3.949519974864026,4.2258256289508775,7.353611187817303],"H_tot":[0.035662912387194934,0.08585878423438906,0.9087733216004117,3.0058601309360693,5.799422298993229,21.297295898307183,37.35457744232543,44.8597344459365,74.02436213537868]}