{"S":[1203266.012217066,1201304.61455969,1342760.630602372,1411296.6061108415,1422065.977349726,1538118.9813536224,1326956.6724059584,914222.3719376294,651328.6521557914],"E":[84.1003209861114,96.75742384781068,62.33690242519185,91.0095712059846,103.42956035544988,57.302883586832415,18.28491378280579,7.320488050367701,3.5901738389500912],"I":[12.814170803676927,14.74469244046605,9.520369887836091,13.849211415849313,15.762769694904955,8.756722293355404,2.793449294054213,1.1163159881374174,0.5486209491082084],"A":[130.68292133638258,160.41459594119542,105.19444857740204,106.54917616262277,97.99575810543085,39.78936471873165,4.941273315634763,1.1180646611437275,0.0786991669873004],"M":[3.96615149160528,6.889825477490031,29.58091982310517,89.77711201717972,128.71060404124626,120.78307693993469,69.78940478256878,33.23756177285134,20.912947597677768],"C":[0.04679807363470844,0.1044372305688689,0.7817696767171649,3.419415499877895,6.042097308838867,14.044246015598695,28.17967544390972,41.43117541854367,93.04227131409729],"C_icurec":[0.0020114402445823385,0.03214356730824009,0.20293855255920323,0.6043986208598292,1.1476255289774366,3.7352517208159104,7.757329960391952,6.054355584694503,1.5950443003594543],"ICU":[0.003263162601146557,0.019644589178242373,0.3332132942678273,1.0769803063670969,3.2805763468181515,13.829034133049921,36.85537018116581,47.13759375596402,12.456254398467541],"R":[65572.37214563899,98669.34216066435,64676.35631090307,80663.33132783284,82053.54632379701,52032.24245634798,19286.496737006608,8580.246050054891,2428.119959452957],"D":[0.0,3.0805165513414,2.0625244875511823,25.776696098207275,65.10733509680314,220.53561062055866,729.2294402734627,1352.9664570848056,2900.003873189123],"H_in":[0.008419022775014601,0.01965658204122041,0.12814985327665143,0.3844056355916691,0.5478265352431221,1.038839541939696,1.5230664126694962,1.457246720518304,2.3305270210650972],"H_out":[0.011302118783813797,0.029392985421332455,0.21164536245994597,0.6518052934468348,0.9398965762306642,2.1767426097025564,4.072171557852111,4.458774945867525,6.597350424342933],"H_tot":[0.05207267648043731,0.15622538705535122,1.3179215235441963,5.100794427104825,10.470299184634454,31.6085318694645,72.79237558546743,94.62312475920208,107.09357001292426],"S_v":[0.0,0.0,0.0,0.0,0.0,0.0,0.0,0.0,0.0],"E_v":[0.0,0.0,0.0,0.0,0.0,0.0,0.0,0.0,0.0],"I_v":[0.0,0.0,0.0,0.0,0.0,0.0,0.0,0.0,0.0],"A_v":[0.0,0.0,0.0,0.0,0.0,0.0,0.0,0.0,0.0],"M_v":[0.0,0.0,0.0,0.0,0.0,0.0,0.0,0.0,0.0],"C_v":[0.0,0.0,0.0,0.0,0.0,0.0,0.0,0.0,0.0],"C_icurec_v":[0.0,0.0,0.0,0.0,0.0,0.0,0.0,0.0,0.0],"ICU_v":[0.0,0.0,0.0,0.0,0.0,0.0,0.0,0.0,0.0],"R_v":[0.0,0.0,0.0,0.0,0.0,0.0,0.0,0.0,0.0]}