{"S":[1201366.2618618873,1198266.9825815,1340138.707174302,1408447.782427556,1419533.4083755473,1536114.3452303472,1325939.2413608471,913780.2953888158,651129.44230388],"E":[92.75144736256865,108.06309721758412,72.11586903584151,102.04197773281359,115.28954789775219,65.59110121383964,21.528045869700936,8.726442935146975,4.3449668950467935],"I":[14.188441229668504,16.565813239598818,11.146605806636778,15.687153995570993,17.711979901304524,10.128479053611258,3.3277938731650663,1.3507116431977877,0.6721680469361193],"A":[146.93838849207233,183.5436869511658,124.1693344350482,122.45616919498757,111.33616202170074,46.29777467312939,5.9329381422771075,1.3601768857912055,0.09667442833150484],"M":[4.491894285202495,7.978650712091807,35.550909535338555,104.50033470473586,147.36619304269476,142.608174821047,85.58836232516633,41.369813230904946,26.47590935211081],"C":[0.03934784198028351,0.1269799635576019,1.1979544189574995,3.3764991784835496,5.133542754776913,17.064194146581485,34.881558087873515,49.576564048924986,110.31178173332427],"C_icurec":[0.003164348353462695,0.026998574095276475,0.2287506894527871,0.688592510639517,1.2221744347564887,4.656087043598676,6.690974810568691,4.331373284377935,1.8976554031605928],"ICU":[0.0045944756459431356,0.009863680116165587,0.3097939397180244,0.7406087011946799,2.507681459927848,11.970361981106251,25.804174308252605,23.691288501519843,10.738882940777218],"R":[67445.32086007723,101670.03994099698,67256.94901466084,83473.39154491825,84553.86721280169,53999.33974298189,20365.005476865426,9151.163010835391,2707.045701765811],"D":[0.0,2.6623871648769053,6.624593176062578,21.334691506873977,53.15713013777894,217.99885373773978,652.9993148704722,1231.1352298186362,2797.973955554533],"H_in":[0.00955188205334377,0.017110783797579902,0.1542578978256706,0.44834144091731365,0.6281314212189213,1.5350539307927646,1.8706326301964653,1.8160736730200528,3.1079832103678893],"H_out":[0.012243418047808046,0.027124693663219315,0.2664312302023772,0.7268985817395097,0.9984743191367019,2.925258630130051,4.567151570344526,4.8094059624740835,8.140540049927942],"H_tot":[0.04710666597968936,0.16384221776904373,1.736499048128311,4.805700390317754,8.863398649461253,33.69064317128643,67.37670720669483,77.5992258348228,122.94832007726221],"S_v":[0.0,0.0,0.0,0.0,0.0,0.0,0.0,0.0,0.0],"E_v":[0.0,0.0,0.0,0.0,0.0,0.0,0.0,0.0,0.0],"I_v":[0.0,0.0,0.0,0.0,0.0,0.0,0.0,0.0,0.0],"A_v":[0.0,0.0,0.0,0.0,0.0,0.0,0.0,0.0,0.0],"M_v":[0.0,0.0,0.0,0.0,0.0,0.0,0.0,0.0,0.0],"C_v":[0.0,0.0,0.0,0.0,0.0,0.0,0.0,0.0,0.0],"C_icurec_v":[0.0,0.0,0.0,0.0,0.0,0.0,0.0,0.0,0.0],"ICU_v":[0.0,0.0,0.0,0.0,0.0,0.0,0.0,0.0,0.0],"R_v":[0.0,0.0,0.0,0.0,0.0,0.0,0.0,0.0,0.0]}