{"S":[1199696.7493283793,1194380.5634762526,1336251.9301849105,1404210.9218292898,1415522.3174569295,1533194.9926005783,1325502.319944401,913705.6563074739,651800.9445389644],"E":[108.51544211700781,127.56569230430765,87.71095268835293,121.09296112555248,136.0987723917171,79.11618401936255,26.376156905818014,10.77673036685004,5.407190375604688],"I":[16.598955518893952,19.559016370541897,13.5698244654722,18.63524667977228,20.925972550175693,12.227219029469303,4.077377757891254,1.6683459711528388,0.835946720363023],"A":[187.40434391361487,237.0870179502572,164.06370214099275,158.31750741847293,142.84476781809278,60.55647501945963,7.906637991388567,1.8265100852358807,0.1306727001519279],"M":[5.2688894555215064,9.493194602795404,43.54818813606769,125.3439432755075,175.40767784695709,173.62369705111226,105.52551877092928,50.6749885734449,30.716486699693814],"ER":[0.034960556265041236,0.028956806978490526,0.4621374581872877,2.256433491106728,5.6200191982762275,10.236318583409025,8.345774199861363,5.482663441828162,5.405277770428977],"C":[0.14575846733139713,0.1326664308251471,1.8701034018888163,9.191395774569349,18.26223941432569,35.25290970864864,27.325926663189918,18.224119431865407,23.47005441346987],"C_icurec":[0.0,0.0,0.4791154212664937,1.3015490437692383,4.585781479225154,11.847962015915959,16.370477485802752,8.219289699169469,2.219620189537626],"ICU":[0.0,0.0,0.6058347312198348,1.6881647886143014,7.260588095068557,16.484421427953706,24.915227444903522,19.017758286531077,7.024094496879969],"R":[69055.28232159151,105481.56997928231,71082.7599566463,87643.2509691128,88174.61186571144,56865.234301665536,21279.378960498547,9814.16643799579,4018.282096024732],"D":[0.0,0.0,0.0,0.0,333.0648585653115,170.42791090047663,138.45799788039216,657.2868486742649,894.5640216446844],"H_in":[0.011019968239561277,0.008923515001980502,0.13864049554088897,0.6941796711187377,1.7620206294217808,3.134675262030295,2.4616597555370148,1.598853361107391,1.5615300521442472],"H_out":[0.018894810874826532,0.01733691335065667,0.3220632834439671,1.4080837974191207,3.207909403980712,6.569453407950525,6.4259369491549725,4.30175495147762,4.055613295794163],"H_tot":[0.18071902359643835,0.16162323780363788,3.417191012562419,14.437543098059646,35.72862818689567,73.82161173592705,76.95740579375754,50.943830859394126,38.11904687031648]}