{"S":[1201413.8859848096,1198783.9314525446,1340803.261458269,1408996.0040191486,1419791.356442599,1536508.1157894302,1326122.3529679177,913869.3446926092,651159.3319834572],"E":[92.66344628865738,107.79668905268981,71.61739232966987,101.61144282004379,115.08786727035381,65.30352005748335,21.37408196755678,8.646963730533589,4.299435682775301],"I":[14.17074806790311,16.521116091381913,11.062470946864932,15.608828966433116,17.66859909043919,10.075403333011621,3.302249292063678,1.3376032297823484,0.6650885049506704],"A":[146.4872351067496,181.21305103541516,120.69969426346894,120.49564590479986,110.5544075376445,45.5321520508017,5.752134535445055,1.309425452497182,0.09252410823582656],"M":[4.46592280009113,7.912187460234115,35.024301345945005,103.29158508430199,146.1644543396183,140.88612865614985,84.38448363072804,40.723979588509266,26.046009841173955],"C":[0.038649266205440964,0.12849174045956702,1.166679394589895,3.4068536203418573,4.9922805128706775,16.641239713452457,34.64726995533056,47.6602091694443,106.35012726424317],"C_icurec":[0.003112999983518995,0.026539003940262606,0.22301370256806632,0.6750817198222065,1.1900447976129724,4.594281598047582,6.693502367926182,4.217690561176926,1.9151420974963966],"ICU":[0.004701728996946337,0.0103388715271148,0.32456441051362583,0.715136174297334,2.420960913034983,12.177294956252613,25.534468113692117,22.725467495605717,10.833340792901385],"R":[67398.28019893185,101155.78597565366,66596.91746005896,82927.75606160978,84298.7569302206,53604.65695247524,20174.63401093588,9016.943651613336,2692.4576847241797],"D":[0.0,2.6741585466129014,6.702965278368693,22.435344952076512,52.80801271868488,222.0172377294514,662.324831283987,1280.0903165499333,2787.0086635268926],"H_in":[0.00949317767976205,0.016961674796212675,0.15189896181415516,0.44290665729161227,0.6226732565018193,1.5156694186550907,1.8436869509407285,1.7872193888301464,3.0570164367353825],"H_out":[0.01212144283263097,0.02696850407911975,0.26101984185099814,0.7197224247581023,0.9815011043341135,2.874336470777371,4.507484187658014,4.6983040740489805,7.970321226139666],"H_tot":[0.04646399518590617,0.16536961592694407,1.7142575076715878,4.79707151446141,8.60328622351863,33.41281626775271,66.87524043694879,74.60336722622695,119.09861015464095],"S_v":[0.0,0.0,0.0,0.0,0.0,0.0,0.0,0.0,0.0],"E_v":[0.0,0.0,0.0,0.0,0.0,0.0,0.0,0.0,0.0],"I_v":[0.0,0.0,0.0,0.0,0.0,0.0,0.0,0.0,0.0],"A_v":[0.0,0.0,0.0,0.0,0.0,0.0,0.0,0.0,0.0],"M_v":[0.0,0.0,0.0,0.0,0.0,0.0,0.0,0.0,0.0],"C_v":[0.0,0.0,0.0,0.0,0.0,0.0,0.0,0.0,0.0],"C_icurec_v":[0.0,0.0,0.0,0.0,0.0,0.0,0.0,0.0,0.0],"ICU_v":[0.0,0.0,0.0,0.0,0.0,0.0,0.0,0.0,0.0],"R_v":[0.0,0.0,0.0,0.0,0.0,0.0,0.0,0.0,0.0]}