{"S":[1202846.9287536312,1200936.7351407926,1343068.1114436167,1411616.9718656722,1422295.6506558633,1538386.972414124,1326937.8463209013,914247.9263634246,651302.1525511066],"E":[92.1775451679788,105.87172054923958,67.57031816750707,98.9505770192625,112.81963402225375,62.20997743773174,19.84261310426745,7.91241468024405,3.897683200527376],"I":[14.061604192851965,16.182232705017096,10.410579734869415,15.158984367329142,17.2757262339261,9.576545907852944,3.0587633384646966,1.2211840507562772,0.6015120597651674],"A":[139.5599783281858,172.78393501733117,113.84942917645044,114.19100926949666,104.43108542008373,42.628468019602096,5.413831431694485,1.2343516821312124,0.08769770697541424],"M":[4.283062747305728,7.4520614456136585,31.894561539628494,96.68343546242613,138.43546185648344,130.16439260799982,75.91733847951807,36.227997396063664,22.99427630080776],"C":[0.036498115438814635,0.11973546280766803,1.0956961158578864,3.0925693162739263,4.6871996896035135,15.002549522174094,30.84819731217208,44.56872059811381,97.28066499169407],"C_icurec":[0.0029828247664742138,0.024885124247416887,0.19999068021979322,0.6179549168847772,1.1292016317724765,4.250371787993092,6.01153004309419,3.9204895759319793,1.7012173308581962],"ICU":[0.004435700331020035,0.009934977773819732,0.27072918739513685,0.7160755682359013,2.500774057116025,11.28334888091302,23.542908546058392,20.270357141900593,9.718136360936187],"R":[65972.94513929212,99014.18582828547,64347.05091767412,80322.98283775848,81809.427448618,51751.39860638637,19381.63617029899,8680.794591757109,2543.4081885322435],"D":[0.0,2.634525639848499,6.546334107354499,22.63469064926796,54.64281260754697,216.5133253257276,656.8823265439133,1248.9235296932015,2807.15807240996],"H_in":[0.009078779924796936,0.015927425915685245,0.1380379253207471,0.4134433369722984,0.5882722287686986,1.397618418070835,1.6560409283775124,1.587920473186612,2.6961097295456],"H_out":[0.011463147795005166,0.02487813214007527,0.2369273516241439,0.6590693827358851,0.9173585940203661,2.6294012275500624,4.052891519123747,4.244786990243089,7.116207415390265],"H_tot":[0.04391664053630879,0.15455556482890498,1.5664159834728173,4.426599801394603,8.317175378492001,30.536270191080185,60.40263590132462,68.75956731594646,108.70001868348845],"S_v":[0.0,0.0,0.0,0.0,0.0,0.0,0.0,0.0,0.0],"E_v":[0.0,0.0,0.0,0.0,0.0,0.0,0.0,0.0,0.0],"I_v":[0.0,0.0,0.0,0.0,0.0,0.0,0.0,0.0,0.0],"A_v":[0.0,0.0,0.0,0.0,0.0,0.0,0.0,0.0,0.0],"M_v":[0.0,0.0,0.0,0.0,0.0,0.0,0.0,0.0,0.0],"C_v":[0.0,0.0,0.0,0.0,0.0,0.0,0.0,0.0,0.0],"C_icurec_v":[0.0,0.0,0.0,0.0,0.0,0.0,0.0,0.0,0.0],"ICU_v":[0.0,0.0,0.0,0.0,0.0,0.0,0.0,0.0,0.0],"R_v":[0.0,0.0,0.0,0.0,0.0,0.0,0.0,0.0,0.0]}