{"S": [1245275.478640525, 1269300.2308849478, 1318484.684468831, 1381809.6586485037, 1408424.1630963343, 1511354.8538491775, 1296719.3992070372, 895245.3835648681, 635214.8683836367], "E": [35.50173627565781, 49.50458644302348, 157.6085584710874, 176.58942822573638, 142.03161227177827, 119.05555112442434, 68.9867390283386, 40.34906854375954, 27.09990672791133], "I": [22.957185462989045, 31.916237163621002, 101.23090596781657, 113.56864901198314, 91.47249164686498, 76.68087526090292, 44.430420844597016, 25.974271985605835, 17.435693649895047], "A": [68.41789303954862, 104.79225075440414, 303.18666553605203, 311.464722926117, 224.79113717011515, 161.1688898049625, 69.74922928186092, 34.11766466195455, 23.450830990764015], "M": [27.94756766188576, 27.862864879536257, 112.2447488826806, 153.80219140773232, 150.45656180049724, 156.13550744632715, 120.41818674714015, 77.50055035146852, 53.433785569125774], "ER": [0.01120946647921513, 0.03349022623072868, 0.5379066881214708, 1.968345793480667, 2.9545640865763816, 6.387166562384584, 8.084210076638366, 7.6174934721512555, 5.939315378799902], "C": [0.038929857719711684, 0.11739759182850566, 1.5005989995409401, 6.057195192849476, 7.9856058346320316, 16.71342317535766, 18.12573213952007, 16.812609150674884, 17.291219336138443], "C_icurec": [0.0, 0.0, 0.3511446273308548, 0.8161622671809866, 2.0394758859018145, 5.40489618683072, 10.170007133474027, 7.089144969055161, 1.5852284090169448], "ICU": [0.0, 0.0, 0.47749148834535765, 1.1034568055436604, 3.205966238413489, 7.7646406445705445, 16.269323785567703, 17.086822992001128, 5.109573615343095], "R": [23638.64683771102, 30740.542287993496, 88484.17751050802, 109715.97119986577, 95322.13214530934, 78616.69577721879, 49888.87248606732, 27709.52840918653, 19783.563998307065], "D": [0.0, 0.0, 0.0, 0.0, 168.76734342138573, 108.13942339819485, 175.49445785827058, 1110.5403998185473, 1638.222064379318], "H_in": [0.0038192901198429953, 0.011413859766871589, 0.1836791112300454, 0.6712005021472556, 1.0057573896046688, 2.1737876518402843, 2.7369099690812244, 2.578427839387131, 2.0020456713503676], "H_out": [0.004967582579241767, 0.014996942278718582, 0.24673654875279183, 0.902354214944501, 1.3923277026744312, 3.0283393278374575, 4.070677162442015, 3.7894456062091857, 2.8879254046397866], "H_tot": [0.050139324198926784, 0.1508878180592345, 2.8671418033386122, 9.945160059054803, 16.185612045523744, 36.27012656914337, 52.6492731352002, 48.60607058388241, 29.925336739298398]}