{"S":[1202627.5191398615,1200227.222953654,1342150.3698496777,1410619.9118229335,1421432.9527544724,1537729.5362617532,1326817.7833320706,914157.1311735167,651351.6570690515],"E":[83.74135572130673,96.46483955720414,62.414502709411416,90.84570188950903,103.15412606790493,57.281398907025775,18.31971284793258,7.345664522358167,3.6065904053337627],"I":[12.759548348938223,14.701508913523206,9.536261055566396,13.829725233821536,15.725274440238357,8.756767757045408,2.7996690133959627,1.1207086912875417,0.5512373861108174],"A":[132.32754958975082,163.1257787468756,107.75915745088824,108.46076507617599,99.42419860804662,40.55422011811877,5.076633986159108,1.1526867322782057,0.08140355892030458],"M":[3.9498603844673963,6.873868114589555,29.60258025916322,89.6008183681239,128.28974002917394,120.60422007332375,69.88704930308563,33.58354218209407,21.134380646254822],"C":[0.04631503728804061,0.10639769054044425,0.8558267084178202,3.313603876238992,6.122081640315242,13.958158918864589,26.991336645008033,47.48917388173535,106.20570404676039],"C_icurec":[0.0003582514359320318,0.00917098917850911,0.22677216247822343,0.372635901707267,1.1427977646595393,4.828991125342838,12.852792821562947,17.25487844422539,8.371475384220686],"ICU":[0.0026883016856499415,0.02417171655866938,0.1496917368603104,0.5030917964813482,1.2540910193209522,5.1279486549531645,11.513608325422421,13.935461043834609,3.2997284305417236],"R":[66209.65318450362,99744.10139780048,65283.85381539769,81340.43456301121,82685.40530657912,52442.14562300699,19543.878052001433,8763.332884503856,2626.5612171029065],"D":[0.0,3.3699128171853343,2.2315428431364857,24.727271912914432,67.52962937859505,207.20640968524367,631.8978129855429,1250.6538264816274,2667.5311939881067],"H_in":[0.008384637615910396,0.01961221874188605,0.12823789625923132,0.38364134936860467,0.5460036105265466,1.0372092598259925,1.5251431990981639,1.7174182054075793,2.478644208509108],"H_out":[0.011186748967261262,0.028711727789139836,0.2137106791588835,0.6319361044260561,0.911694131309675,2.060876389028617,3.825407364926885,4.831952639553902,7.047121485052057],"H_tot":[0.04936159040962247,0.1397403962776231,1.232290607756353,4.1893315744276105,8.518970424295725,23.915098699160602,51.35773779199344,78.67951336979527,117.87690786152285],"S_v":[0.0,0.0,0.0,0.0,0.0,0.0,0.0,0.0,0.0],"E_v":[0.0,0.0,0.0,0.0,0.0,0.0,0.0,0.0,0.0],"I_v":[0.0,0.0,0.0,0.0,0.0,0.0,0.0,0.0,0.0],"A_v":[0.0,0.0,0.0,0.0,0.0,0.0,0.0,0.0,0.0],"M_v":[0.0,0.0,0.0,0.0,0.0,0.0,0.0,0.0,0.0],"C_v":[0.0,0.0,0.0,0.0,0.0,0.0,0.0,0.0,0.0],"C_icurec_v":[0.0,0.0,0.0,0.0,0.0,0.0,0.0,0.0,0.0],"ICU_v":[0.0,0.0,0.0,0.0,0.0,0.0,0.0,0.0,0.0],"R_v":[0.0,0.0,0.0,0.0,0.0,0.0,0.0,0.0,0.0]}